index,requested_value,true_value,value_string,sub_share,low_share,mid_share,crest_db
0,0.0,0.0,,0.9996193248617392,0.0003484220109498033,2.7874310525078393e-05,5.229668726154452
1,3.0,3.0,,0.9995832862421187,0.0004141003753770014,2.5497128897026015e-06,5.732590699189943
2,6.0,6.0,,0.9995028918544029,0.0004904518793795911,6.298589839378603e-06,6.514608194505493
3,9.0,9.0,,0.9988343668498095,0.001092146735025242,6.417644549275266e-05,7.098345636877303
4,12.0,12.0,,0.9983810304442567,0.0015709169771755342,4.292547088875003e-05,7.82511450732959
5,15.0,15.0,,0.9968520931065425,0.003112040222277648,3.3574841679761e-05,8.535918371547577
6,18.0,18.0,,0.9858744245327474,0.01408772612745761,3.719709457813751e-05,9.274500207037587
7,21.0,21.0,,0.02195533543154262,0.9779806746605735,6.380080104442498e-05,9.980082513171716
8,24.0,24.0,,0.008298152720492922,0.99156037600069,0.00014117571656371226,10.78523282892294
9,27.0,27.0,,0.0052579699747527225,0.9942609122205958,0.0004805805110967289,11.442768154919703
10,30.0,30.0,,0.003737585122336104,0.9956783574476193,0.0005832151376069067,12.188231906140983
11,33.0,33.0,,0.0028208818767032256,0.9963723787672646,0.0008054296345080389,12.941555788141699
12,36.0,36.0,,0.002330698489880369,0.9957146624049336,0.001905692694272262,13.82920740954751
