index,requested_value,true_value,value_string,crest_db,sub_share
0,0.0,0.0,,9.822991338389757,0.7517048651585125
1,0.1,0.10000000149011612,,9.922755956524144,0.7514754887155943
2,0.2,0.20000000298023224,,9.959402116934017,0.7492377762822329
3,0.3,0.30000001192092896,,9.641078339735836,0.7408027289417212
4,0.4,0.4000000059604645,,9.076054492720498,0.6993277496808723
5,0.5,0.5,,10.453878526639835,0.6335137729354827
6,0.6,0.6000000238418579,,11.100431180640648,0.5568168958609035
7,0.7,0.699999988079071,,9.808042596605052,0.6461460500641767
8,0.8,0.800000011920929,,8.594157678297293,0.725567311592195
9,0.9,0.8999999761581421,,8.444641111518948,0.7118391662998487
10,1.0,1.0,,8.13952511469819,0.6299633908348359
