index,requested_value,true_value,value_string,crest_db,sub_share,low_share,mid_share,high_share,air_share
0,0.0,0.0,,9.404750362769851,0.8775604110333733,0.11418467680285077,0.007971483075912524,0.0002775547215786904,5.874366284641365e-06
1,0.1,0.09999999403953552,,9.371438014872508,0.8653997069378287,0.12443153350917302,0.009774217869710214,0.000384799457686518,9.74222560138814e-06
2,0.2,0.19999998807907104,,9.292050938406309,0.8512329986113231,0.13568674707219588,0.012484639753715663,0.0005784360515168732,1.7178511248409893e-05
3,0.3,0.30000001192092896,,9.076145522705287,0.8315490259172976,0.1508525974117676,0.01664864042687144,0.0009172032111106673,3.2533032952621604e-05
4,0.4,0.4000000059604645,,8.883700838142556,0.8066626544574802,0.16832193199167664,0.023405649079210496,0.0015539272764564115,5.583719517635625e-05
5,0.5,0.5,,8.77095510559287,0.7623248294434889,0.1984201329607945,0.03624821013144137,0.0028950987999106785,0.00011172866436458087
6,0.6,0.6000000238418579,,10.178899649326123,0.7153669858436338,0.22437156282432122,0.055008462365120345,0.005053318033762884,0.00019967093316178622
7,0.7,0.699999988079071,,12.942499609541713,0.6423513748636133,0.26134213829975833,0.08694355774186982,0.009000130057251572,0.00036279903750705434
8,0.8,0.800000011920929,,15.42615182130291,0.5425495392858752,0.3051192725203138,0.1361681249802244,0.015527815756039376,0.0006352474575472478
9,0.9,0.8999999761581421,,15.4823361488878,0.4448310937791134,0.33543092843668754,0.19458239824831447,0.024189926148358725,0.0009656533875258557
10,1.0,1.0,,14.084468843028944,0.36043571582707196,0.3647952272572793,0.24148690015265561,0.03175395228020203,0.0015282044827911628
