"index","requested_value","true_value","value_string","crest","sub_share","low_share","mid_share","high_share","air_share"
"0","0.0","0.0","","9.404750362769851","0.8775604123655072","0.11418467497468311","0.0079714835690008","0.00027755472429174524","5.874366517125622e-06"
"1","0.1","0.09999999403953552","","9.371438014872508","0.8653997045048113","0.12443153530527884","0.009774218465301266","0.00038479949891315153","9.742225695478409e-06"
"2","0.2","0.19999998807907104","","9.292050938406309","0.8512330073423073","0.13568673849117527","0.012484639587367414","0.0005784360696004766","1.717850954951648e-05"
"3","0.3","0.30000001192092896","","9.076145522705287","0.8315490374646783","0.15085258760264794","0.016648638754998824","0.0009172031462138572","3.2533031460973165e-05"
"4","0.4","0.4000000059604645","","8.883700838142556","0.8066626506044061","0.16832193613449142","0.02340564876184016","0.0015539273064115895","5.58371928507032e-05"
"5","0.5","0.5","","8.77095510559287","0.7623248423609907","0.19842011976854523","0.03624821048874159","0.0028950987247732406","0.00011172865694922401"
"6","0.6","0.6000000238418579","","10.178899649326123","0.7153669833325335","0.22437156589657778","0.05500846214181341","0.005053317693411568","0.00019967093566382042"
"7","0.7","0.699999988079071","","12.942499609541713","0.642351366516907","0.26134214412433926","0.0869435597174266","0.009000130610586684","0.0003627990307404576"
"8","0.8","0.800000011920929","","15.42615182130291","0.5425495690901351","0.305119240772138","0.1361681258897658","0.01552781678010065","0.0006352474678604445"
"9","0.9","0.8999999761581421","","15.4823361488878","0.44483110365543155","0.33543092403733077","0.19458239294664867","0.024189926089555305","0.000965653271033733"
"10","1.0","1.0","","14.084468843028944","0.3604357218569928","0.3647952117583614","0.24148691036046416","0.03175395159426848","0.0015282044299131956"
