index,requested_value,true_value,value_string,sub_share,crest_db
0,-10.0,-10.0,,0.9995627301803987,4.0647019664494755
1,-8.0,-8.0,,0.998967300122599,4.247081720273569
2,-6.0,-6.0,,0.9999874596523283,4.435866163944066
3,-4.0,-4.0,,0.9994816843546096,4.661518160470444
4,-2.0,-2.0,,0.9994733552224626,4.912875082008212
5,0.0,0.0,,0.999779423495489,5.29427960549058
6,2.0,2.0,,0.9989583009351569,5.556697141324946
7,4.0,4.0,,0.998806694626418,6.046122975338136
8,6.0,6.0,,0.999344340188759,6.378791118041528
9,8.0,8.0,,0.999322617087358,6.8505603448279615
10,10.0,10.0,,0.9989379258579131,7.339971666114543
