index,requested_value,true_value,wav,measure
0,0.4,0.4000000059604645,bounce_000.wav,
1,0.42500000000000004,0.42500001192092896,bounce_001.wav,
2,0.45,0.44999998807907104,bounce_002.wav,
3,0.475,0.4749999940395355,bounce_003.wav,
4,0.5,0.5,bounce_004.wav,
5,0.525,0.5249999761581421,bounce_005.wav,
6,0.55,0.550000011920929,bounce_006.wav,
7,0.575,0.574999988079071,bounce_007.wav,
8,0.6,0.6000000238418579,bounce_008.wav,
9,0.625,0.625,bounce_009.wav,
10,0.6499999999999999,0.6499999761581421,bounce_010.wav,
11,0.675,0.675000011920929,bounce_011.wav,
12,0.7,0.699999988079071,bounce_012.wav,
