"index","requested_value","true_value","value_string","crest_db","sub_share","low_share","mid_share","high_share","air_share"
"0","0.4","0.4000000059604645","","9.094355729332502","0.6909624417407769","0.24487475927301303","0.05964863303085865","0.004397871202559671","0.00011629475279179388"
"1","0.42500000000000004","0.42500001192092896","","8.941087672416906","0.6802208595975815","0.25072024995753756","0.06402067673190974","0.004912043136582168","0.00012617057638906253"
"2","0.45","0.44999998807907104","","9.591012065273926","0.6659006266271","0.2597205310264802","0.06884509927250292","0.005394978645608535","0.00013876442830833898"
"3","0.475","0.4749999940395355","","10.052090587210394","0.6506755935178643","0.26859335939725576","0.07460767136408261","0.005961695066235285","0.00016168065456194432"
"4","0.5","0.5","","10.269092995511734","0.6253360366680151","0.28356621227934437","0.08397479323579758","0.006926933222486566","0.00019602459435648313"
"5","0.525","0.5249999761581421","","10.183649115518293","0.6089487154147174","0.2938463868805936","0.08945202456963766","0.007534556496685551","0.0002183166383657824"
"6","0.55","0.550000011920929","","9.750265756462642","0.587212793809553","0.3064137541604939","0.09763980295799034","0.008474221287476451","0.0002594277844862334"
"7","0.575","0.574999988079071","","9.898698697438974","0.5713803794425555","0.31699511197969094","0.10229118877037777","0.009043711384237006","0.000289608423138896"
"8","0.6","0.6000000238418579","","11.02267141468593","0.5578168734695128","0.3287836206102989","0.10353390888459268","0.009531493611357085","0.00033410342423850824"
"9","0.625","0.625","","11.160322771420752","0.5634854556759976","0.32406689680238676","0.1023954931078625","0.009679060916548934","0.00037309349720414517"
"10","0.6499999999999999","0.6499999761581421","","10.84574790325539","0.5853013526239416","0.3091761772271754","0.09602612523967673","0.00911556844338183","0.00038077646582443934"
"11","0.675","0.675000011920929","","10.167439141054185","0.6277493088635968","0.2773663401409169","0.08620844199376607","0.008293945466183065","0.00038196353553715664"
"12","0.7","0.699999988079071","","9.74534787422467","0.6461133476773467","0.26004798612920116","0.08514090285155865","0.008284864660709624","0.00041289868118387556"
