index,requested_value,true_value,value_string,crest,sub_share,low_share,mid_share,high_share,air_share
0,0.4,0.4000000059604645,,9.094355729332502,0.6909624449443222,0.2448747558185968,0.05964863344040273,0.004397871033305794,0.00011629476337247921
1,0.42500000000000004,0.42500001192092896,,8.941087672416906,0.6802208740710284,0.25072023801279414,0.0640206740652716,0.004912043272278721,0.00012617057862713313
2,0.45,0.44999998807907104,,9.591012065273926,0.6659006315704151,0.25972053038501947,0.06884509535286927,0.005394978261907971,0.00013876442978811966
3,0.475,0.4749999940395355,,10.052090587210394,0.650675574847463,0.2685933756574873,0.07460767363680414,0.0059616951979563565,0.00016168066028926468
4,0.5,0.5,,10.269092995511734,0.6253360329458962,0.2835662186666524,0.083974790366649,0.006926933408215087,0.0001960246125872981
5,0.525,0.5249999761581421,,10.183649115518293,0.6089486999095786,0.2938463967214929,0.08945202983882988,0.007534556882018626,0.00021831664808003677
6,0.55,0.550000011920929,,9.750265756462642,0.5872128040310093,0.30641374093708285,0.0976398057779298,0.008474221455808884,0.0002594277981691272
7,0.575,0.574999988079071,,9.898698697438974,0.5713803779368264,0.3169951031980863,0.1022911995132127,0.009043710930091422,0.00028960842178316553
8,0.6,0.6000000238418579,,11.02267141468593,0.5578168684791891,0.3287836257576233,0.10353390842516379,0.009531493929458608,0.0003341034085651235
9,0.625,0.625,,11.160322771420752,0.5634854718980069,0.3240668805864229,0.10239549305916132,0.009679060953711294,0.00037309350269758014
10,0.6499999999999999,0.6499999761581421,,10.84574790325539,0.5853013611669138,0.30917616881831955,0.09602612562807288,0.009115567946342476,0.00038077644035131627
11,0.675,0.675000011920929,,10.167439141054185,0.6277493254614138,0.27736632602024835,0.08620843944134576,0.008293945522886146,0.00038196355410587926
12,0.7,0.699999988079071,,9.74534787422467,0.6461133433135323,0.26004798572011084,0.08514090710454182,0.00828486513351874,0.0004128987282963082
